{
    "x": {
        "0": 78.9731216430664,
        "1": 146.7221221923828,
        "2": -8.22962760925293,
        "3": -39.414947509765625,
        "4": -96.59534454345703,
        "5": 8.323688507080078,
        "6": 56.83519744873047,
        "7": 32.370323181152344,
        "8": 91.67837524414062,
        "9": -128.07423400878906,
        "10": -89.67561340332031,
        "11": -51.6895866394043,
        "12": -18.03660011291504,
        "13": 110.53899383544922,
        "14": -93.7975845336914,
        "15": 140.32899475097656,
        "16": -141.91131591796875,
        "17": 23.818164825439453,
        "18": -3.735381841659546,
        "19": 71.59297943115234,
        "20": -62.39371871948242,
        "21": -166.69854736328125
    },
    "y": {
        "0": -54.07991027832031,
        "1": -83.19052124023438,
        "2": 139.12290954589844,
        "3": -106.89384460449219,
        "4": -154.1175994873047,
        "5": -46.07184600830078,
        "6": 9.579649925231934,
        "7": -109.28463745117188,
        "8": -150.40066528320312,
        "9": -79.92969512939453,
        "10": 135.8835906982422,
        "11": 71.06001281738281,
        "12": 12.313769340515137,
        "13": 65.84374237060547,
        "14": 12.807686805725098,
        "15": -1.8430023193359375,
        "16": 70.21977996826172,
        "17": 68.59463500976562,
        "18": -178.77137756347656,
        "19": 131.92062377929688,
        "20": -44.69953536987305,
        "21": -13.011953353881836
    },
    "title": {
        "0": "How Does Generative Retrieval Scale to Millions of Passages?",
        "1": "Zero-Shot Listwise Document Reranking with a Large Language Model",
        "2": "ReadProbe: A Demo of Retrieval-Enhanced Large Language Models to Support Lateral Reading",
        "3": "Vector Search with OpenAI Embeddings: Lucene Is All You Need",
        "4": "RankVicuna: Zero-Shot Listwise Document Reranking with Open-Source Large Language Models",
        "5": "Neural Query Synthesis and Domain-Specific Ranking Templates for Multi-Stage Clinical Trial Matching",
        "6": "Document Expansion Baselines and Learned Sparse Lexical Representations for MS MARCO V1 and V2",
        "7": "Another Look at DPR: Reproduction of Training and Replication of Retrieval",
        "8": "Squeezing Water from a Stone: A Bag of Tricks for Further Improving Cross-Encoder Effectiveness for Reranking",
        "9": "Document Expansions and Learned Sparse Lexical Representations for MS MARCO V1 and V2",
        "10": "Chatty Goose: A Python Framework for Conversational Search",
        "11": "Exploring Listwise Evidence Reasoning with T5 for Fact Verification",
        "12": "Comparison of Foveated Downsampling Techniques in Image Recognition",
        "13": "Pyserini: An Easy-to-Use Python Toolkit to Support Replicable IR Research with Sparse and Dense Representations",
        "14": "Vera: Prediction Techniques for Reducing Harmful Misinformation in Consumer Health Search",
        "15": "A Replication Study of Dense Passage Retriever",
        "16": "Pyserini: A Python Toolkit for Reproducible Information Retrieval Research with Sparse and Dense Representations",
        "17": "The Expando-Mono-Duo Design Pattern for Text Ranking with Pretrained Sequence-to-Sequence Models",
        "18": "H2oloo at TREC 2020: When all you got is a hammer... Deep Learning, Health Misinformation, and Precision Medicine",
        "19": "Covidex: Neural Ranking Models and Keyword Search Infrastructure for the COVID-19 Open Research Dataset",
        "20": "Scientific Claim Verification with VerT5erini",
        "21": "Document Ranking with a Pretrained Sequence-to-Sequence Model"
    },
    "year": {
        "0": 2023,
        "1": 2023,
        "2": 2023,
        "3": 2023,
        "4": 2023,
        "5": 2022,
        "6": 2022,
        "7": 2022,
        "8": 2022,
        "9": 2022,
        "10": 2021,
        "11": 2021,
        "12": 2021,
        "13": 2021,
        "14": 2021,
        "15": 2021,
        "16": 2021,
        "17": 2021,
        "18": 2020,
        "19": 2020,
        "20": 2020,
        "21": 2020
    },
    "cluster": {
        "0": 3,
        "1": 0,
        "2": 3,
        "3": 3,
        "4": 0,
        "5": 0,
        "6": 3,
        "7": 3,
        "8": 3,
        "9": 3,
        "10": 1,
        "11": 2,
        "12": 4,
        "13": 1,
        "14": 2,
        "15": 3,
        "16": 1,
        "17": 0,
        "18": 2,
        "19": 1,
        "20": 2,
        "21": 0
    },
    "authors": {
        "0": "Ronak Pradeep, Kai Hui, Jai Gupta, \u00c1. Lelkes, Honglei Zhuang, et al.",
        "1": "Xueguang Ma, Xinyu Crystina Zhang, Ronak Pradeep, and Jimmy Lin",
        "2": "Dake Zhang and Ronak Pradeep",
        "3": "Jimmy Lin, Ronak Pradeep, Tommaso Teofili, and Jasper Xian",
        "4": "Ronak Pradeep, Sahel Sharifymoghaddam, and Jimmy Lin",
        "5": "Ronak Pradeep, Yilin Li, Yuetong Wang, and Jimmy Lin",
        "6": "Xueguang Ma, Ronak Pradeep, Rodrigo Nogueira, and Jimmy Lin",
        "7": "Xueguang Ma, Kai Sun, Ronak Pradeep, Minghan Li, and Jimmy Lin",
        "8": "Ronak Pradeep, Yuqi Liu, Xinyu Crystina Zhang, Yilin Li, Andrew Yates, et al.",
        "9": "Ronak Pradeep, Rodrigo Nogueira, and Jimmy Lin",
        "10": "Edwin Zhang, Sheng-Chieh Lin, Jheng-Hong Yang, Ronak Pradeep, Rodrigo Nogueira, et al.",
        "11": "Kelvin Jiang, Ronak Pradeep, and Jimmy Lin",
        "12": "Parsa Torabian, Ronak Pradeep, and Jeff Orchard",
        "13": "Jimmy Lin, Xueguang Ma, Sheng-Chieh Lin, Jheng-Hong Yang, Ronak Pradeep, et al.",
        "14": "Ronak Pradeep, Xueguang Ma, Rodrigo Nogueira, and Jimmy Lin",
        "15": "Xueguang Ma, Kai Sun, Ronak Pradeep, and Jimmy Lin",
        "16": "Jimmy Lin, Xueguang Ma, Sheng-Chieh Lin, Jheng-Hong Yang, Ronak Pradeep, et al.",
        "17": "Ronak Pradeep, Rodrigo Nogueira, and Jimmy Lin",
        "18": "Ronak Pradeep, Xueguang Ma, Xinyu Crystina Zhang, H. Cui, Ruizhou Xu, et al.",
        "19": "Edwin Zhang, Nikhil Gupta, Raphael Tang, Xiao Han, Ronak Pradeep, et al.",
        "20": "Ronak Pradeep, Xueguang Ma, Rodrigo Nogueira, and Jimmy Lin",
        "21": "Rodrigo Nogueira, Zhiying Jiang, Ronak Pradeep, and Jimmy Lin"
    },
    "first_author": {
        "0": true,
        "1": false,
        "2": false,
        "3": false,
        "4": true,
        "5": true,
        "6": false,
        "7": false,
        "8": true,
        "9": true,
        "10": false,
        "11": false,
        "12": false,
        "13": false,
        "14": true,
        "15": false,
        "16": false,
        "17": true,
        "18": true,
        "19": false,
        "20": true,
        "21": false
    },
    "last_author": {
        "0": false,
        "1": false,
        "2": true,
        "3": false,
        "4": false,
        "5": false,
        "6": false,
        "7": false,
        "8": false,
        "9": false,
        "10": false,
        "11": false,
        "12": false,
        "13": false,
        "14": false,
        "15": false,
        "16": false,
        "17": false,
        "18": false,
        "19": false,
        "20": false,
        "21": false
    },
    "middle_author": {
        "0": false,
        "1": true,
        "2": false,
        "3": true,
        "4": false,
        "5": false,
        "6": true,
        "7": true,
        "8": false,
        "9": false,
        "10": true,
        "11": true,
        "12": true,
        "13": true,
        "14": false,
        "15": true,
        "16": true,
        "17": false,
        "18": false,
        "19": true,
        "20": false,
        "21": true
    },
    "author_of_interest": {
        "0": "Ronak Pradeep",
        "1": "Ronak Pradeep",
        "2": "Ronak Pradeep",
        "3": "Ronak Pradeep",
        "4": "Ronak Pradeep",
        "5": "Ronak Pradeep",
        "6": "Ronak Pradeep",
        "7": "Ronak Pradeep",
        "8": "Ronak Pradeep",